sample_id,sensor_id,time,date,temperature,humidity
34772,2,16:42:38,2017-04-10,24.04,50
34775,2,17:13:22,2017-04-10,23.21,49
34779,2,17:44:14,2017-04-10,23.28,51
34782,2,18:14:59,2017-04-10,21.96,56
34785,2,18:45:40,2017-04-10,21.26,58
34788,2,19:16:21,2017-04-10,21.91,56
34791,2,19:47:01,2017-04-10,23.31,52
34794,2,20:17:46,2017-04-10,23.66,51
34883,2,19:09:35,2017-04-11,24.01,50
34886,2,19:40:17,2017-04-11,24.42,49
34889,2,20:10:56,2017-04-11,24.52,48.5
34890,2,20:18:40,2017-04-11,24.62,48
34893,2,20:49:19,2017-04-11,24.81,49
34896,2,21:19:59,2017-04-11,24.92,48
34899,2,21:50:42,2017-04-11,24.95,49
34902,2,22:21:21,2017-04-11,24.92,49
37211,2,19:42:09,2017-05-12,25.09,52
37213,2,19:51:26,2017-05-12,25,53
37215,2,20:24:51,2017-05-12,25,52.5
37217,2,20:56:04,2017-05-12,25,52
37231,2,01:00:55,2017-05-13,25.1,51
37234,2,01:31:44,2017-05-13,25.2,53
37237,2,02:02:30,2017-05-13,25.23,53
37240,2,02:36:07,2017-05-13,25.26,53
37241,2,02:42:06,2017-05-13,25.32,53
37244,2,03:13:31,2017-05-13,25.44,53
37247,2,03:45:22,2017-05-13,25.36,53
37250,2,04:17:08,2017-05-13,25,53
37253,2,04:48:35,2017-05-13,25.05325,53
37256,2,05:20:13,2017-05-13,24.7465,53
37259,2,05:52:27,2017-05-13,24.133,53
37262,2,06:24:41,2017-05-13,23.5195,53
37265,2,06:56:39,2017-05-13,22.906,53
37281,2,13:09:36,2017-05-13,24.75,53
37283,2,13:48:02,2017-05-13,24.77,53
37285,2,14:18:48,2017-05-13,24.82,53
37287,2,14:49:42,2017-05-13,24.88,53
37289,2,15:20:32,2017-05-13,25.07,53
37291,2,15:51:23,2017-05-13,25.34,53
37293,2,16:22:08,2017-05-13,25.49,52
37295,2,16:52:57,2017-05-13,25.42,52
37297,2,17:23:44,2017-05-13,25.37,53
37299,2,17:54:34,2017-05-13,25.36,53
37301,2,18:25:26,2017-05-13,25.36,53
37303,2,18:56:12,2017-05-13,25.36,54
37305,2,19:27:02,2017-05-13,25.37,53
37307,2,19:57:49,2017-05-13,25.37,54
37309,2,20:29:08,2017-05-13,25.38,54
37311,2,20:59:55,2017-05-13,25.37,54
37313,2,21:30:47,2017-05-13,25.37,53
37316,2,22:01:38,2017-05-13,25.33,54
37319,2,22:32:38,2017-05-13,25.33,54
37322,2,23:03:22,2017-05-13,25.28,54
37325,2,23:34:06,2017-05-13,25.26,54
37328,2,00:04:47,2017-05-14,25.23,54
37331,2,00:35:33,2017-05-14,25.18,54
37335,2,01:10:40,2017-05-14,25.14,54
37338,2,01:41:36,2017-05-14,25.09,55
37341,2,02:13:09,2017-05-14,25.03,54
37344,2,02:43:59,2017-05-14,24.98,54
37347,2,03:14:52,2017-05-14,24.91,54
37350,2,03:45:37,2017-05-14,24.875,54
37351,2,03:52:57,2017-05-14,24.84,54
37354,2,04:23:41,2017-05-14,24.78,54
37357,2,04:54:27,2017-05-14,24.71,54
37360,2,05:25:12,2017-05-14,24.65,54
37363,2,05:55:57,2017-05-14,24.58,55
37366,2,06:26:40,2017-05-14,24.51,54
37369,2,06:59:07,2017-05-14,24.45,54
37377,2,09:09:10,2017-05-14,24.47,54
37379,2,09:39:59,2017-05-14,24.43,54
37381,2,10:10:45,2017-05-14,24.36,54
37383,2,10:41:39,2017-05-14,24.33,54
37385,2,11:12:38,2017-05-14,24.32,54
37387,2,11:45:03,2017-05-14,24.34,54
37389,2,12:16:01,2017-05-14,24.38,53.5
37391,2,12:48:41,2017-05-14,24.42,53
37393,2,13:20:57,2017-05-14,24.46,54
37395,2,13:55:28,2017-05-14,24.54,53
37397,2,14:27:09,2017-05-14,24.66,53
37399,2,14:58:14,2017-05-14,24.85,53
37401,2,15:29:57,2017-05-14,25.02,53
37404,2,16:01:44,2017-05-14,25.27,53
37406,2,16:32:47,2017-05-14,25.27,53
37407,2,16:32:47,2017-05-14,25.27,53
37410,2,17:04:40,2017-05-14,25.21,53
37412,2,17:35:47,2017-05-14,25.18,53
37414,2,18:09:42,2017-05-14,25.15,53
37416,2,18:42:46,2017-05-14,25.165,50
37418,2,19:15:52,2017-05-14,25.18,53
37421,2,19:48:04,2017-05-14,25.2,53
37423,2,20:19:50,2017-05-14,25.18,54
37425,2,20:51:40,2017-05-14,25.16,54
37428,2,21:22:37,2017-05-14,25.15,54
37431,2,22:26:05,2017-05-14,25.11,54
37434,2,22:57:34,2017-05-14,25.08,54
37438,2,23:28:53,2017-05-14,25.05,54
37442,2,00:00:23,2017-05-15,25.02,54
37445,2,00:31:08,2017-05-15,24.99,54
37448,2,01:03:33,2017-05-15,24.95,54
37449,2,01:03:33,2017-05-15,24.95,54
37451,2,01:34:48,2017-05-15,24.9,54
37454,2,02:08:30,2017-05-15,24.84,54
37457,2,02:40:44,2017-05-15,24.8,54
37461,2,03:12:00,2017-05-15,24.74,54
37464,2,03:44:00,2017-05-15,24.68,54
37465,2,03:44:00,2017-05-15,24.68,54
37468,2,04:20:43,2017-05-15,24.61,54
37473,2,04:53:32,2017-05-15,24.55,54
37476,2,05:24:19,2017-05-15,24.48,54
37479,2,05:55:05,2017-05-15,24.41,54
37482,2,06:27:07,2017-05-15,24.34,54
37486,2,06:57:58,2017-05-15,24.29,54
37489,2,07:28:43,2017-05-15,24.23,55
37492,2,07:59:26,2017-05-15,24.18,54
37494,2,08:30:20,2017-05-15,24.14,55
37496,2,09:01:16,2017-05-15,24.11,54
37498,2,09:32:14,2017-05-15,23.99,55
37500,2,10:03:06,2017-05-15,23.96,56
37502,2,10:34:02,2017-05-15,23.97,56
37504,2,11:05:05,2017-05-15,24.01,55
37506,2,11:39:07,2017-05-15,24.18,57
37508,2,12:10:00,2017-05-15,24.45,57
37510,2,12:40:52,2017-05-15,24.71,58
37512,2,13:12:28,2017-05-15,24.94,57
37514,2,13:43:31,2017-05-15,25.14,58
37516,2,14:14:20,2017-05-15,25.46,56
37518,2,14:45:04,2017-05-15,25.77,55
37520,2,15:16:00,2017-05-15,26.21,53
37522,2,15:46:53,2017-05-15,26.65,51
37524,2,16:17:37,2017-05-15,26.9,50
37526,2,16:48:30,2017-05-15,26.63,50
37528,2,17:19:22,2017-05-15,26.33,49
37530,2,17:50:09,2017-05-15,26.15,48.5
37531,2,17:59:24,2017-05-15,25.97,48
37533,2,18:30:09,2017-05-15,26.13,51
37535,2,19:01:01,2017-05-15,26.22,52
37537,2,19:31:50,2017-05-15,26.25,52
37539,2,20:02:42,2017-05-15,26.28,52
37541,2,20:33:40,2017-05-15,26.29,53
37543,2,21:04:43,2017-05-15,26.31,53
37545,2,21:35:43,2017-05-15,26.32,53
37547,2,22:06:28,2017-05-15,26.31,53
37549,2,22:37:16,2017-05-15,26.31,53
37551,2,23:08:08,2017-05-15,26.3,53
37553,2,23:38:52,2017-05-15,26.29,53
37555,2,00:09:38,2017-05-16,26.26,53
37557,2,00:40:25,2017-05-16,26.23,54
37559,2,01:11:08,2017-05-16,26.18,53
37561,2,01:41:53,2017-05-16,26.12,54
37563,2,02:13:54,2017-05-16,26.07,53
37565,2,02:44:37,2017-05-16,26.01,53.5
37568,2,03:19:19,2017-05-16,25.95,54
37571,2,03:50:10,2017-05-16,25.89,54
37574,2,04:20:57,2017-05-16,25.82,54
37577,2,04:51:46,2017-05-16,25.73,54
37580,2,05:22:30,2017-05-16,25.66,54
37583,2,05:53:20,2017-05-16,25.6,54
37586,2,06:24:02,2017-05-16,25.52,54
37589,2,06:54:46,2017-05-16,25.45,54
37592,2,07:25:34,2017-05-16,25.39,54
37594,2,07:56:17,2017-05-16,25.33,54
37596,2,08:27:01,2017-05-16,25.3,54
37598,2,08:57:48,2017-05-16,25.26,54
37600,2,09:28:33,2017-05-16,25.27,48.5
37602,2,09:59:28,2017-05-16,25.3,45.25
37603,2,10:30:46,2017-05-16,25.44,42
37605,2,11:01:36,2017-05-16,25.53,42
37607,2,11:32:19,2017-05-16,25.51,43
37609,2,12:03:09,2017-05-16,25.74,46
37611,2,12:34:07,2017-05-16,25.92,45
37613,2,13:04:58,2017-05-16,26.01,43
37615,2,13:36:11,2017-05-16,26.22,42
37617,2,14:06:56,2017-05-16,26.4,41
37619,2,14:37:50,2017-05-16,26.76,41
37621,2,15:08:40,2017-05-16,27.25,42
37623,2,15:39:26,2017-05-16,27.86,42
37625,2,16:10:11,2017-05-16,28.33,40
37627,2,16:43:39,2017-05-16,28.23,38
37629,2,17:15:14,2017-05-16,27.87,39
37631,2,17:45:59,2017-05-16,27.59,38
37633,2,18:16:47,2017-05-16,27.58,40
37635,2,18:48:03,2017-05-16,27.63,42
37637,2,19:18:59,2017-05-16,27.65,43
37639,2,19:50:01,2017-05-16,27.67,44
37641,2,20:22:16,2017-05-16,27.69,44
37643,2,20:53:04,2017-05-16,27.69,45
37645,2,21:26:35,2017-05-16,27.71,45
37647,2,21:57:27,2017-05-16,27.73,46
37649,2,22:29:37,2017-05-16,27.72,46
37651,2,23:00:21,2017-05-16,27.72,46
37654,2,23:33:13,2017-05-16,27.7,46
37656,2,00:03:56,2017-05-17,27.635,46.5
37659,2,01:08:59,2017-05-17,27.57,47
37661,2,01:39:54,2017-05-17,27.51,47
37662,2,02:12:10,2017-05-17,27.475,47
37664,2,02:19:34,2017-05-17,27.44,47
37666,2,02:50:18,2017-05-17,27.395,47
37668,2,03:22:18,2017-05-17,27.35,47
37671,2,04:24:20,2017-05-17,27.21,47.5
37674,2,04:58:28,2017-05-17,27.07,48
37679,2,06:00:29,2017-05-17,26.89,48
37681,2,06:31:46,2017-05-17,26.8,47
37685,2,07:34:23,2017-05-17,26.62,47
37687,2,08:05:19,2017-05-17,26.58,47.5
37689,2,08:17:08,2017-05-17,26.54,48
37690,2,08:48:11,2017-05-17,26.52,47
37691,2,09:19:11,2017-05-17,24.296,46.375
37693,2,09:50:04,2017-05-17,25.183,45.75
37695,2,10:22:22,2017-05-17,26.17,44.5
37696,2,11:24:38,2017-05-17,26.58,44
37698,2,11:55:45,2017-05-17,26.77,44
37700,2,12:26:46,2017-05-17,26.92,43
37702,2,12:57:39,2017-05-17,27.08,42
37705,2,14:01:05,2017-05-17,27.495,42.5
37707,2,14:32:39,2017-05-17,27.91,43
37708,2,15:03:48,2017-05-17,28.3,41
37710,2,15:36:02,2017-05-17,28.69,39
37712,2,16:07:20,2017-05-17,29.1,38
37714,2,16:38:17,2017-05-17,28.795,36.5
37716,2,17:10:41,2017-05-17,28.49,35
37718,2,17:41:29,2017-05-17,28.405,35
37719,2,17:47:44,2017-05-17,28.32,35
37721,2,18:56:53,2017-05-17,28.17,35
37723,2,19:27:57,2017-05-17,28.04,37
37725,2,19:58:45,2017-05-17,28.21,39
37727,2,21:32:38,2017-05-17,28.325,40.5
37728,2,22:04:35,2017-05-17,28.44,42
37730,2,22:35:53,2017-05-17,27.329,42
37731,2,22:42:38,2017-05-17,26.218,42
37733,2,23:13:24,2017-05-17,26.588,42
37735,2,23:44:43,2017-05-17,26.958,42
37737,2,00:16:38,2017-05-18,26.544,42
37739,2,00:47:42,2017-05-18,28.48,42
37742,2,01:19:02,2017-05-18,26.81,42
37744,2,01:50:54,2017-05-18,26.96375,42
37746,2,02:27:36,2017-05-18,27.1175,42
37748,2,02:59:45,2017-05-18,27.425,42
37752,2,04:28:41,2017-05-18,28.04,42
37754,2,04:59:23,2017-05-18,27.99,41.875
37755,2,05:06:01,2017-05-18,27.94,41.75
37757,2,05:46:17,2017-05-18,27.84,41.5
37759,2,06:17:34,2017-05-18,27.74,42
37761,2,06:48:16,2017-05-18,27.64,42
37763,2,07:19:01,2017-05-18,27.56,43
37766,2,08:07:51,2017-05-18,27.495,43
37768,2,08:39:57,2017-05-18,27.43,43
37772,2,10:14:17,2017-05-18,27.29,43
37774,2,10:45:26,2017-05-18,27.26,42
37777,2,12:20:13,2017-05-18,27.21,42
37779,2,12:51:14,2017-05-18,27.51,40
37782,2,13:55:01,2017-05-18,27.81,38
37785,2,14:46:10,2017-05-18,28.26,39
37787,2,15:17:42,2017-05-18,28.49,39
37789,2,15:48:28,2017-05-18,28.55,39
37791,2,16:19:15,2017-05-18,28.61,40
37793,2,16:50:17,2017-05-18,28.58,40
37794,2,16:50:17,2017-05-18,28.58,40
37796,2,17:22:16,2017-05-18,28.48,41
37800,2,18:56:20,2017-05-18,28.189875,41
37802,2,19:27:25,2017-05-18,27.89975,41.09375
37804,2,20:07:39,2017-05-18,27.3195,41.1875
37806,2,20:40:27,2017-05-18,26.159,41.75
37808,2,21:42:42,2017-05-18,28.5,44
37810,2,22:13:33,2017-05-18,28.494375,44
37812,2,22:45:51,2017-05-18,28.48875,44
37814,2,23:17:20,2017-05-18,28.4775,44
37816,2,23:49:15,2017-05-18,28.455,44
37817,2,23:57:09,2017-05-18,28.4325,44
37819,2,00:06:53,2017-05-19,28.41,44
37821,2,00:37:42,2017-05-19,28.38,44
37823,2,01:08:31,2017-05-19,28.35625,44
37825,2,01:40:00,2017-05-19,28.3325,44
37827,2,02:17:40,2017-05-19,28.285,44
37829,2,02:49:52,2017-05-19,28.19,44
37830,2,02:59:08,2017-05-19,28.095,44
37835,2,04:56:39,2017-05-19,28,44
37837,2,05:27:22,2017-05-19,27.935,44.5
37838,2,05:34:43,2017-05-19,27.87,45
37840,2,06:05:35,2017-05-19,27.74,44
37842,2,06:36:25,2017-05-19,27.63,45
37844,2,07:07:15,2017-05-19,27.51,45
37845,2,07:38:02,2017-05-19,28.111,45
37848,2,07:56:54,2017-05-19,26.4845,45
37850,2,08:27:58,2017-05-19,24.858,45
37852,2,08:59:33,2017-05-19,27.28,45
37854,2,09:30:28,2017-05-19,27.23,45
37856,2,10:01:14,2017-05-19,27.16,45
37858,2,10:32:05,2017-05-19,27.015,43.5
37860,2,11:03:50,2017-05-19,26.87,42
37862,2,11:34:39,2017-05-19,26.94,44
37878,2,20:31:41,2017-05-19,27.86,45
37880,2,21:02:29,2017-05-19,27.82,45
37883,2,21:38:58,2017-05-19,27.79,45
37885,2,22:12:47,2017-05-19,27.78,45
37887,2,22:43:30,2017-05-19,27.74,46
37889,2,23:14:44,2017-05-19,27.69,46
37891,2,23:45:27,2017-05-19,27.63,46
37893,2,00:16:14,2017-05-20,27.58,45
37895,2,00:46:56,2017-05-20,27.53,45
37897,2,01:17:50,2017-05-20,27.48,46
37899,2,01:48:33,2017-05-20,27.41,43
37901,2,02:22:52,2017-05-20,27.34,46
37903,2,02:53:32,2017-05-20,27.28,46
37905,2,03:24:15,2017-05-20,27.21,46
37907,2,03:55:02,2017-05-20,27.13,46
37909,2,04:25:45,2017-05-20,27.04,46
37911,2,04:56:28,2017-05-20,26.96,46
37913,2,05:27:12,2017-05-20,26.87,46
37915,2,05:57:57,2017-05-20,24.769,46
37917,2,06:28:40,2017-05-20,25.7045,46
37919,2,06:59:41,2017-05-20,26.64,46
37921,2,07:30:24,2017-05-20,26.947,46
37922,2,07:36:59,2017-05-20,27.254,46
37923,2,08:13:47,2017-05-20,26.51,46
37925,2,08:44:32,2017-05-20,26.47,46
37927,2,09:15:16,2017-05-20,26.4,46
37930,2,10:30:50,2017-05-20,26.36,46
37932,2,11:01:42,2017-05-20,26.335,46
37934,2,11:39:20,2017-05-20,26.31,46
37936,2,12:10:03,2017-05-20,26.31,46
37938,2,12:40:45,2017-05-20,26.29,46
37940,2,13:12:08,2017-05-20,26.29,46
37942,2,13:43:33,2017-05-20,26.31,46
37944,2,14:14:21,2017-05-20,26.37,46
37946,2,14:45:07,2017-05-20,26.45,46
37948,2,15:16:23,2017-05-20,26.63,46
37950,2,15:47:07,2017-05-20,26.041,46
37952,2,16:30:30,2017-05-20,24.71,46
37954,2,17:01:20,2017-05-20,24.681,46
37955,2,17:36:37,2017-05-20,26.78,46
37957,2,18:07:59,2017-05-20,26.76,47
37958,2,18:41:39,2017-05-20,26.76,46
37960,2,19:12:31,2017-05-20,26.78,46
37962,2,19:43:14,2017-05-20,26.76,46
37964,2,20:14:07,2017-05-20,26.75,47
37965,2,20:47:45,2017-05-20,26.73,46
37967,2,21:28:48,2017-05-20,26.71,46
37968,2,22:07:23,2017-05-20,26.69,46
37970,2,22:39:34,2017-05-20,26.65,46
37972,2,23:50:43,2017-05-20,24.326,46.125
37974,2,00:28:09,2017-05-21,25.403,46.25
37975,2,01:03:26,2017-05-21,26.48,46.5
37977,2,01:37:46,2017-05-21,26.41,47
37978,2,02:10:45,2017-05-21,26.34,47
37980,2,02:41:29,2017-05-21,25.584,47
37982,2,03:13:22,2017-05-21,24.828,47
37985,2,04:02:53,2017-05-21,26.1,47
37987,2,04:33:35,2017-05-21,26.035,47
37988,2,05:10:10,2017-05-21,25.97,47
37990,2,05:40:56,2017-05-21,23.616,47
37992,2,06:31:08,2017-05-21,25.77,47
37994,2,07:01:50,2017-05-21,25.71,47
37997,2,08:03:56,2017-05-21,25.54,47
37999,2,09:05:55,2017-05-21,25.48,47
38000,2,09:36:37,2017-05-21,25.44,47
38001,2,10:07:23,2017-05-21,25.44,47
38003,2,10:38:15,2017-05-21,25.45,47
38004,2,11:09:12,2017-05-21,25.43,47
38005,2,11:40:29,2017-05-21,25.46,47
38007,2,12:11:44,2017-05-21,25.46,47
38009,2,12:42:59,2017-05-21,25.47,47
38011,2,13:13:44,2017-05-21,25.53,47
38013,2,13:44:52,2017-05-21,25.6,47
38015,2,14:15:42,2017-05-21,25.72,47
38017,2,14:46:27,2017-05-21,25.9,47
38019,2,15:17:11,2017-05-21,26.17,47
38021,2,15:47:56,2017-05-21,26.535,46.5
38024,2,16:24:40,2017-05-21,26.9,46
38026,2,16:55:29,2017-05-21,26.835,46.5
38028,2,17:32:53,2017-05-21,26.77,47
38030,2,18:03:36,2017-05-21,26.7925,47.125
38031,2,18:41:03,2017-05-21,26.815,47.25
38033,2,19:16:39,2017-05-21,26.86,47.5
38034,2,19:55:33,2017-05-21,26.94,48
38037,2,20:30:39,2017-05-21,24.71,48
38039,2,21:05:37,2017-05-21,27.04,48
38041,2,21:36:19,2017-05-21,27.07,48
38043,2,22:07:08,2017-05-21,27.08,48
38046,2,23:09:11,2017-05-21,27.08,48
38047,2,23:39:54,2017-05-21,27.06,48
38049,2,00:10:36,2017-05-22,27.06,48
38051,2,00:41:20,2017-05-22,27.03,48
38053,2,01:12:07,2017-05-22,26.99,48
38055,2,01:42:51,2017-05-22,26.94,47.5
38057,2,02:18:28,2017-05-22,26.89,47
38059,2,02:49:12,2017-05-22,26.84,47
38061,2,03:19:55,2017-05-22,26.8,47
38062,2,03:50:36,2017-05-22,26.73,47
38064,2,04:21:19,2017-05-22,26.65,47
38066,2,04:52:01,2017-05-22,26.58,48
38068,2,05:22:45,2017-05-22,26.54,47.5
38069,2,05:28:56,2017-05-22,26.5,47
38071,2,06:00:09,2017-05-22,26.44,47
38073,2,07:03:09,2017-05-22,26.29,48
38075,2,07:33:55,2017-05-22,26.25,47.5
38076,2,07:42:27,2017-05-22,26.21,47
38078,2,08:13:16,2017-05-22,26.15,47
38080,2,08:44:06,2017-05-22,26.11,47
38082,2,09:15:05,2017-05-22,26.07,44
38084,2,09:45:50,2017-05-22,26.0775,44
38086,2,09:54:34,2017-05-22,26.085,44
38087,2,10:01:54,2017-05-22,26.1,44
38089,2,10:33:25,2017-05-22,26.13,44
38091,2,11:04:17,2017-05-22,26.12,44
38093,2,11:44:16,2017-05-22,26.11,44
38095,2,12:25:43,2017-05-22,24.473,43.953125
38097,2,12:56:38,2017-05-22,24.784,43.90625
38100,2,13:41:03,2017-05-22,25.095,43.8125
38101,2,14:16:43,2017-05-22,25.0505,43.625
38102,2,14:59:28,2017-05-22,25.006,43.25
38105,2,15:35:34,2017-05-22,24.917,41
38106,2,16:06:27,2017-05-22,25.331,40.625
38109,2,17:23:09,2017-05-22,26.2455,40.25
38110,2,18:04:35,2017-05-22,27.16,39.5
38112,2,18:39:26,2017-05-22,27.02,44
38114,2,19:13:28,2017-05-22,24.976,45
38116,2,19:57:51,2017-05-22,27.33,46
38118,2,20:28:33,2017-05-22,27.48,46
38120,2,22:02:39,2017-05-22,27.525,46
38121,2,22:09:37,2017-05-22,27.57,46
38122,2,22:40:20,2017-05-22,27.57,46
38123,2,23:11:02,2017-05-22,27.56,46
38125,2,23:41:53,2017-05-22,27.52,46
38127,2,00:12:35,2017-05-23,27.47,46
38129,2,00:45:04,2017-05-23,27.45,46
38131,2,01:15:47,2017-05-23,27.41,46
38133,2,01:46:32,2017-05-23,27.35,47
38136,2,02:54:47,2017-05-23,27.23,46
38138,2,03:25:30,2017-05-23,27.17,47
38140,2,03:56:18,2017-05-23,27.08,46
38142,2,04:27:01,2017-05-23,27,46
38144,2,04:57:44,2017-05-23,26.92,46
38147,2,06:00:13,2017-05-23,26.75,47
38149,2,06:31:05,2017-05-23,26.66,47
38150,2,07:01:48,2017-05-23,26.58,47
38151,2,07:32:34,2017-05-23,26.53,47
38153,2,08:03:22,2017-05-23,26.45,47
38156,2,09:05:34,2017-05-23,25.151,47.5
38157,2,09:42:40,2017-05-23,23.852,48
38159,2,10:20:12,2017-05-23,26.09,49
38161,2,10:51:30,2017-05-23,26.18,51
38163,2,11:22:18,2017-05-23,26.24,49
38165,2,11:53:19,2017-05-23,26.28,45
38167,2,12:55:45,2017-05-23,26.39,43
38168,2,13:26:34,2017-05-23,26.51,41
38170,2,13:57:30,2017-05-23,26.63,42
38171,2,14:28:21,2017-05-23,26.8,41
38173,2,14:59:23,2017-05-23,27.04,40
38176,2,16:01:47,2017-05-23,27.39,40.5
38177,2,16:32:57,2017-05-23,27.74,41
38179,2,17:03:44,2017-05-23,27.59,41
38181,2,17:35:37,2017-05-23,27.35,43
38183,2,18:06:46,2017-05-23,27.1875,43.25
38184,2,18:06:46,2017-05-23,27.025,43.5
38186,2,18:39:47,2017-05-23,26.7,44
38189,2,19:10:40,2017-05-23,26.73,47
38191,2,19:41:32,2017-05-23,26.985,46.5
38192,2,19:49:08,2017-05-23,27.24,46
38194,2,20:19:58,2017-05-23,27.41,46
38196,2,20:50:45,2017-05-23,25.952,46
38198,2,21:27:38,2017-05-23,25.242,46
38199,2,21:58:37,2017-05-23,27.56,46
38202,2,23:07:08,2017-05-23,27.545,46
38205,2,23:39:07,2017-05-23,27.53,46
38207,2,00:13:52,2017-05-24,27.5,46
38209,2,00:49:04,2017-05-24,27.45,46
38211,2,01:19:53,2017-05-24,27.42,47
38213,2,01:50:38,2017-05-24,26.213,47
38215,2,02:26:08,2017-05-24,25.006,47
38217,2,02:56:54,2017-05-24,26.073,47
38219,2,03:41:37,2017-05-24,27.14,47
38222,2,04:15:28,2017-05-24,27.075,46.875
38224,2,04:47:35,2017-05-24,27.01,46.75
38226,2,05:25:12,2017-05-24,26.88,46.5
38229,2,06:27:59,2017-05-24,26.69,47
38231,2,06:58:43,2017-05-24,26.6,46
38233,2,07:29:25,2017-05-24,26.53,47
38235,2,08:00:10,2017-05-24,26.45,47
38236,2,08:31:04,2017-05-24,26.39,47
38237,2,09:02:01,2017-05-24,26.18,47
38239,2,09:32:56,2017-05-24,24.25,51
38243,2,11:07:29,2017-05-24,24.88,55
38245,2,11:38:33,2017-05-24,25.03,55
38247,2,12:09:30,2017-05-24,25.34,53
38249,2,12:40:23,2017-05-24,25.54,49
38251,2,13:11:18,2017-05-24,25.63,48
38253,2,13:42:26,2017-05-24,25.61,52
38255,2,14:13:13,2017-05-24,25.82,48
38257,2,14:44:14,2017-05-24,26.08,48
38260,2,15:46:33,2017-05-24,26.86,47
38262,2,16:17:37,2017-05-24,27.815,46.75
38264,2,16:52:39,2017-05-24,27.4125,46.5
38265,2,17:25:03,2017-05-24,27.01,46
38267,2,18:01:51,2017-05-24,26.84,47
38270,2,18:45:39,2017-05-24,26.74,46
38272,2,19:16:57,2017-05-24,24.266,46.25
38274,2,19:47:41,2017-05-24,25.588,46.5
38276,2,20:26:22,2017-05-24,26.91,47
38278,2,20:57:06,2017-05-24,24.799,47.5
38280,2,21:40:43,2017-05-24,27.2,48
38282,2,22:12:40,2017-05-24,27.25,48
38284,2,22:43:26,2017-05-24,27.28,48
38286,2,23:14:11,2017-05-24,27.3,48
38288,2,23:44:55,2017-05-24,27.3,47
38290,2,00:15:46,2017-05-25,27.29,48
38292,2,00:46:32,2017-05-25,27.27,48
38294,2,01:17:21,2017-05-25,27.24,48
38296,2,01:48:08,2017-05-25,27.22,48
38298,2,02:21:41,2017-05-25,24.917,48
38300,2,02:52:35,2017-05-25,27.16,48
38302,2,03:23:31,2017-05-25,27.09,48
38304,2,03:54:17,2017-05-25,27.04,48
38306,2,04:24:59,2017-05-25,26.98,48
38308,2,04:55:41,2017-05-25,26.91,48
38311,2,05:29:46,2017-05-25,26.84,48
38313,2,06:01:06,2017-05-25,25.272,48
38316,2,07:13:53,2017-05-25,26.69,48
38318,2,07:44:49,2017-05-25,26.66,48
38320,2,08:15:57,2017-05-25,26.63,48
38322,2,09:18:05,2017-05-25,26.63,52
38323,2,09:49:08,2017-05-25,26.47,53
38325,2,10:51:20,2017-05-25,26.31,54
38326,2,11:22:20,2017-05-25,26.27,53
38328,2,11:53:23,2017-05-25,26.34,53
38330,2,12:24:38,2017-05-25,26.54,53
38331,2,12:55:35,2017-05-25,26.84,50
38333,2,13:26:35,2017-05-25,27.05,47
38335,2,13:57:23,2017-05-25,27.15,46
38337,2,14:28:12,2017-05-25,27.37,45
38339,2,14:59:02,2017-05-25,27.72,42
38342,2,16:01:11,2017-05-25,28.18,40
38345,2,17:04:39,2017-05-25,28.215,41.125
38348,2,18:09:55,2017-05-25,28.25,42.25
38351,2,18:56:42,2017-05-25,28.32,44.5
38353,2,19:33:39,2017-05-25,28.46,49
38355,2,20:04:24,2017-05-25,28.47,49
38357,2,20:40:06,2017-05-25,28.48,49
38359,2,21:11:21,2017-05-25,28.49,49
38362,2,22:13:55,2017-05-25,28.49,49
38365,2,23:15:56,2017-05-25,28.45,49
38367,2,23:46:39,2017-05-25,28.43,49
38369,2,00:17:22,2017-05-26,26.1,49
38371,2,00:48:12,2017-05-26,27.21,49
38373,2,01:22:07,2017-05-26,28.32,49
38375,2,01:52:51,2017-05-26,28.26,49
38377,2,02:24:58,2017-05-26,28.2,49
38379,2,02:55:40,2017-05-26,28.14,49
38381,2,03:26:23,2017-05-26,28.11375,48.875
38383,2,03:36:36,2017-05-26,28.0875,48.75
38385,2,04:08:44,2017-05-26,28.035,48.5
38387,2,04:40:49,2017-05-26,27.93,48
38389,2,05:11:30,2017-05-26,27.86,47
38391,2,05:42:12,2017-05-26,27.795,47.5
38393,2,06:14:11,2017-05-26,27.73,48
38395,2,06:52:34,2017-05-26,27.67,47
38397,2,07:23:16,2017-05-26,27.6,47
38399,2,07:53:59,2017-05-26,27.56,47
38401,2,08:24:41,2017-05-26,27.49,47
38403,2,08:55:25,2017-05-26,27.45,47
38406,2,09:58:15,2017-05-26,27.07,39.5
38409,2,11:00:54,2017-05-26,26.66,35.75
38411,2,11:31:52,2017-05-26,26.63,32
38413,2,12:03:00,2017-05-26,26.87,33
38414,2,12:33:51,2017-05-26,27.16,34
38416,2,13:04:46,2017-05-26,27.43,35
38417,2,13:35:31,2017-05-26,27.69,35
38419,2,14:06:15,2017-05-26,27.98,35
38421,2,14:37:05,2017-05-26,28.01,35
38423,2,15:08:22,2017-05-26,28.435,35
38424,2,15:40:44,2017-05-26,28.86,35
38425,2,16:11:46,2017-05-26,28.8625,35.125
38427,2,16:44:06,2017-05-26,28.865,35.25
38428,2,17:16:30,2017-05-26,28.87,35.5
38430,2,17:47:12,2017-05-26,28.825,36.25
38431,2,17:57:57,2017-05-26,28.78,37
38433,2,18:28:42,2017-05-26,28.78,38
38436,2,19:08:30,2017-05-26,28.78,39
38438,2,19:39:13,2017-05-26,28.79,39
38440,2,20:09:58,2017-05-26,28.81,40
38442,2,20:41:14,2017-05-26,28.8,40
38444,2,21:12:04,2017-05-26,28.79,41
38446,2,21:42:46,2017-05-26,28.79,41
38448,2,22:13:28,2017-05-26,28.78,41
38450,2,22:44:12,2017-05-26,28.76,41
38452,2,23:14:54,2017-05-26,28.74,41
38453,2,23:45:37,2017-05-26,28.7,41
38455,2,00:16:21,2017-05-27,28.65,42
38457,2,00:47:04,2017-05-27,28.6,41
38459,2,01:17:49,2017-05-27,28.54,42
38461,2,01:48:32,2017-05-27,28.48,41
38463,2,02:21:02,2017-05-27,28.41,41
38465,2,02:53:58,2017-05-27,28.33,42
38468,2,04:01:24,2017-05-27,28.17,41
38471,2,05:03:23,2017-05-27,27.96,42
38473,2,05:34:06,2017-05-27,27.86,42
38476,2,06:36:03,2017-05-27,27.68,42
38478,2,07:06:49,2017-05-27,27.58,42
38480,2,07:37:32,2017-05-27,27.5,42
38482,2,08:08:16,2017-05-27,27.42,42
38484,2,08:39:32,2017-05-27,27.36,42
38486,2,09:10:20,2017-05-27,27.3,42
38488,2,09:41:05,2017-05-27,27.26,42
38490,2,10:12:04,2017-05-27,27.23,42
38492,2,10:42:47,2017-05-27,27.22,42
38494,2,11:15:56,2017-05-27,27.19,42
38496,2,11:46:47,2017-05-27,27.2,42
38498,2,12:17:37,2017-05-27,27.235,42.5
38500,2,12:57:39,2017-05-27,27.27,43
38502,2,13:28:26,2017-05-27,27.36,42
38505,2,14:38:28,2017-05-27,26.7155,42
38507,2,15:14:53,2017-05-27,26.071,42
38509,2,15:50:29,2017-05-27,28.35,42
38511,2,16:26:07,2017-05-27,28.73,42
38513,2,16:56:53,2017-05-27,28.695,42
38515,2,17:30:58,2017-05-27,28.66,42
38517,2,18:04:37,2017-05-27,28.59,42
38519,2,18:35:51,2017-05-27,28.63,43
38521,2,19:06:35,2017-05-27,28.68,44
38523,2,19:37:19,2017-05-27,28.74,43
38525,2,20:08:14,2017-05-27,28.77,43
38528,2,21:10:18,2017-05-27,28.85,43
38530,2,21:41:04,2017-05-27,28.87,43
38532,2,22:11:54,2017-05-27,28.89,44
38534,2,22:45:06,2017-05-27,28.89,44
38536,2,23:16:20,2017-05-27,28.89,43
38538,2,23:47:09,2017-05-27,28.87,44
38540,2,00:17:56,2017-05-28,28.85,43
38542,2,00:48:39,2017-05-28,28.81,44
38544,2,01:19:22,2017-05-28,28.77,43
38546,2,01:50:06,2017-05-28,28.72,43
38548,2,02:22:10,2017-05-28,28.68,43
38550,2,02:52:55,2017-05-28,28.62,43
38553,2,03:37:47,2017-05-28,28.52,43
38555,2,04:09:37,2017-05-28,28.47,43
38557,2,04:40:20,2017-05-28,28.41,43
38559,2,05:11:02,2017-05-28,28.31,43
38562,2,06:13:01,2017-05-28,28.13,43
38564,2,06:43:43,2017-05-28,28.04,43
38567,2,07:49:08,2017-05-28,27.89,43
38569,2,08:19:52,2017-05-28,27.83,43
38570,2,08:53:04,2017-05-28,27.77,43
38572,2,09:30:15,2017-05-28,27.73,42
38573,2,10:01:00,2017-05-28,27.71,43
38575,2,10:31:45,2017-05-28,27.71,43
38577,2,11:02:32,2017-05-28,27.715,43
38579,2,11:39:47,2017-05-28,27.72,43
38581,2,12:10:30,2017-05-28,27.76,43
38583,2,12:41:14,2017-05-28,27.76,43
38585,2,13:12:29,2017-05-28,27.81,43
38587,2,13:43:12,2017-05-28,27.86,43
38589,2,14:14:01,2017-05-28,27.97,43
38591,2,14:44:54,2017-05-28,28.15,43
38593,2,15:15:37,2017-05-28,28.41,42
38595,2,16:17:47,2017-05-28,29.11,42
38597,2,16:48:30,2017-05-28,29.19,43
38598,2,17:19:12,2017-05-28,29.07,42
38600,2,17:49:55,2017-05-28,29.03,43
38602,2,18:20:44,2017-05-28,29.09,43
38604,2,18:51:29,2017-05-28,29.15,43
38606,2,19:22:15,2017-05-28,29.21,43
38609,2,20:24:13,2017-05-28,29.31,44
38611,2,21:26:10,2017-05-28,29.4,43
38615,2,22:59:28,2017-05-28,29.44,44
38617,2,23:30:12,2017-05-28,29.44,44
38619,2,00:00:55,2017-05-29,29.42,44
38621,2,00:31:37,2017-05-29,29.39,44
38623,2,01:02:21,2017-05-29,29.35,44
38625,2,01:33:10,2017-05-29,29.31,44
38628,2,02:09:29,2017-05-29,29.27,44
38630,2,02:40:12,2017-05-29,29.22,44
38632,2,03:10:56,2017-05-29,29.16,43
38634,2,03:41:39,2017-05-29,29.11,43
38636,2,04:12:22,2017-05-29,29.01,43
38638,2,04:43:05,2017-05-29,28.93,43
38640,2,05:45:04,2017-05-29,28.81,43
38642,2,06:15:51,2017-05-29,28.71,43
38644,2,07:24:06,2017-05-29,28.53,43
38645,2,07:54:53,2017-05-29,28.48,43
38647,2,08:25:38,2017-05-29,28.445,42.625
38649,2,08:57:12,2017-05-29,28.41,42.25
38651,2,09:43:58,2017-05-29,28.34,41.5
38653,2,10:15:14,2017-05-29,28.19,39
38655,2,10:46:28,2017-05-29,28.12,39
38657,2,11:17:17,2017-05-29,28.27,39
38659,2,11:48:05,2017-05-29,28.54,43
38661,2,12:19:00,2017-05-29,28.81,43
38663,2,12:49:45,2017-05-29,28.84,42
38664,2,13:20:42,2017-05-29,28.95,40
38669,2,15:06:09,2017-05-29,29.8,42
38671,2,15:36:52,2017-05-29,29.91,40
38673,2,16:07:42,2017-05-29,28.318,40
38676,2,17:10:12,2017-05-29,29.8,40
38678,2,17:43:27,2017-05-29,29.63,41
38680,2,18:20:26,2017-05-29,29.31,43
38682,2,18:51:12,2017-05-29,29.46,44
38684,2,19:21:56,2017-05-29,29.66,44
38686,2,19:52:39,2017-05-29,29.78,43
38687,2,20:23:53,2017-05-29,29.83,43
38688,2,20:54:44,2017-05-29,29.85,43
38690,2,21:25:32,2017-05-29,29.87,43
38693,2,22:27:50,2017-05-29,29.85,43
38695,2,22:58:36,2017-05-29,29.82,43.5
38697,2,23:32:59,2017-05-29,29.79,44
38699,2,00:03:43,2017-05-30,29.77,44
38701,2,00:34:25,2017-05-30,29.74,44
38702,2,00:40:38,2017-05-30,29.71,44
38704,2,01:11:22,2017-05-30,29.66,44
38706,2,01:41:46,2017-05-30,29.62,44
38708,2,02:14:36,2017-05-30,29.53,44
38710,2,02:45:17,2017-05-30,29.48,44
38712,2,03:16:00,2017-05-30,29.41,44
38714,2,03:48:00,2017-05-30,29.34,44
38716,2,04:18:44,2017-05-30,29.26,44
38718,2,04:49:26,2017-05-30,29.175,41
38721,2,05:28:28,2017-05-30,29.09,44
38723,2,05:59:10,2017-05-30,28.995,44
38725,2,06:39:58,2017-05-30,28.9,44
38727,2,07:41:55,2017-05-30,28.75,45
38730,2,08:43:58,2017-05-30,28.63,45
38732,2,09:14:59,2017-05-30,28.22,46
38735,2,10:17:03,2017-05-30,25.834,45.375
38737,2,10:47:48,2017-05-30,27.147,44.75
38741,2,12:46:40,2017-05-30,28.46,43.5
38743,2,13:17:45,2017-05-30,28.55,40
38745,2,13:49:13,2017-05-30,28.66,42
38748,2,14:51:25,2017-05-30,28.81,42
38750,2,15:22:12,2017-05-30,28.72,42
38751,2,15:53:32,2017-05-30,28.89,41
38753,2,16:24:55,2017-05-30,28.84,44
38755,2,16:55:38,2017-05-30,28.8,45
38757,2,17:26:21,2017-05-30,28.68,43
38759,2,17:57:04,2017-05-30,28.59,43
38761,2,18:27:54,2017-05-30,28.45,39
38763,2,18:58:41,2017-05-30,28.76,40.5
38767,2,20:59:34,2017-05-30,29.07,42
38769,2,21:30:22,2017-05-30,29.11,42
38771,2,22:01:05,2017-05-30,29.09,43
38773,2,22:32:20,2017-05-30,29.08,42
38775,2,23:03:03,2017-05-30,29.08,43
38777,2,23:33:45,2017-05-30,29.08,43
38779,2,00:04:28,2017-05-31,29.05,43
38781,2,00:35:10,2017-05-31,27.165,43.125
38783,2,01:05:54,2017-05-31,27.165,43.25
38785,2,01:36:35,2017-05-31,28.98,43.5
38787,2,02:09:27,2017-05-31,28.95,43
38789,2,02:42:08,2017-05-31,28.91,43
38791,2,03:12:51,2017-05-31,28.87,43
38793,2,03:43:32,2017-05-31,28.81,43
38795,2,04:14:14,2017-05-31,28.75,43
38797,2,04:44:56,2017-05-31,28.68,43
38799,2,05:15:38,2017-05-31,28.62,43
38801,2,05:46:21,2017-05-31,28.54,43
38803,2,06:48:18,2017-05-31,28.39,43
38805,2,07:24:54,2017-05-31,28.3,44
38807,2,07:55:42,2017-05-31,28.28,43
38809,2,08:58:13,2017-05-31,28.18,43
38811,2,09:28:56,2017-05-31,28.22,41
38813,2,09:59:43,2017-05-31,27.77,42
38815,2,10:30:40,2017-05-31,27.41,41
38817,2,11:01:30,2017-05-31,27.61,37
38819,2,11:32:23,2017-05-31,27.58,40
38821,2,12:03:12,2017-05-31,27.94,43
38823,2,12:33:57,2017-05-31,27.93,44
38826,2,13:36:50,2017-05-31,28.105,44.5
38828,2,14:07:58,2017-05-31,28.28,45
38831,2,15:10:28,2017-05-31,28.69,43
38835,2,16:52:06,2017-05-31,29.47,42
38837,2,17:23:06,2017-05-31,29.35,42
38839,2,17:53:50,2017-05-31,29.27,42
38842,2,18:36:26,2017-05-31,29.26,44
38844,2,19:24:45,2017-05-31,28.109,43.625
38849,2,21:13:40,2017-05-31,26.958,43.25
38851,2,21:46:04,2017-05-31,26.165625,42.5
38853,2,22:17:50,2017-05-31,25.37325,43.25
38855,2,22:51:41,2017-05-31,29.32,44
38857,2,23:22:34,2017-05-31,29.29,44
38859,2,23:53:20,2017-05-31,29.27,44
38861,2,00:24:05,2017-06-01,26.869,44
38864,2,01:25:26,2017-06-01,29.21,45
38866,2,01:56:47,2017-06-01,29.18,45
38867,2,02:28:34,2017-06-01,29.12,45
38869,2,02:59:26,2017-06-01,29.04,45
38873,2,04:32:47,2017-06-01,28.84,45
38875,2,05:04:03,2017-06-01,28.77,45
38876,2,05:37:51,2017-06-01,28.7325,45
38878,2,06:13:12,2017-06-01,28.695,45
38880,2,06:45:11,2017-06-01,28.62,45
38884,2,07:59:55,2017-06-01,28.47,45
38885,2,08:30:50,2017-06-01,28.43,45
38887,2,09:01:35,2017-06-01,25.893,44.5
38889,2,10:24:59,2017-06-01,26.8265,44
38892,2,11:38:24,2017-06-01,27.76,43
38894,2,12:09:15,2017-06-01,25.775,43.125
38898,2,14:02:14,2017-06-01,26.485,43.25
38902,2,15:16:48,2017-06-01,29.18,43.5
38904,2,15:47:40,2017-06-01,29.39,44
38907,2,16:49:54,2017-06-01,29.63,43
38909,2,17:20:48,2017-06-01,29.54,43
38911,2,17:52:16,2017-06-01,29.45,43
38913,2,18:23:02,2017-06-01,29.45,44
38915,2,19:25:12,2017-06-01,29.475,44
38916,2,19:33:31,2017-06-01,29.5,44
38918,2,20:04:21,2017-06-01,29.505,44.125
38920,2,20:35:37,2017-06-01,29.51,44.25
38921,2,20:43:05,2017-06-01,29.52,44.5
38923,2,21:13:49,2017-06-01,29.54,45
38925,2,21:44:40,2017-06-01,27.135,45
38926,2,22:16:23,2017-06-01,29.51,45
38928,2,22:47:07,2017-06-01,29.485,45
38930,2,23:18:11,2017-06-01,29.46,45
38932,2,23:48:53,2017-06-01,27.106,45
38934,2,00:19:55,2017-06-02,27.135,45
38936,2,00:51:34,2017-06-02,27.66625,45
38939,2,01:22:36,2017-06-02,28.1975,45
38941,2,01:57:22,2017-06-02,29.26,45
38944,2,03:07:24,2017-06-02,29.15,45
38946,2,03:38:06,2017-06-02,29.07,45
38948,2,04:08:50,2017-06-02,28.97,45
38950,2,04:39:35,2017-06-02,28.88,45
38952,2,05:10:19,2017-06-02,28.8,45
38954,2,05:41:02,2017-06-02,28.69,45
38956,2,06:11:46,2017-06-02,28.6,45
38958,2,06:42:29,2017-06-02,28.52,46
38960,2,07:13:42,2017-06-02,28.44,46
38962,2,07:44:24,2017-06-02,28.35,45
38964,2,08:15:39,2017-06-02,28.27,45
38966,2,09:17:49,2017-06-02,28.16,45
38968,2,09:48:32,2017-06-02,28.12,45
38970,2,10:19:15,2017-06-02,28.08,45
38972,2,10:51:36,2017-06-02,28.04,45
38974,2,11:22:20,2017-06-02,28.02,45
38975,2,11:53:10,2017-06-02,27.99,45
38976,2,12:23:59,2017-06-02,27.98,45
38978,2,12:54:48,2017-06-02,28,45
38980,2,13:27:13,2017-06-02,28.03,45
38982,2,13:58:25,2017-06-02,28.1,45
38984,2,14:29:08,2017-06-02,28.19,45
38986,2,14:59:49,2017-06-02,28.36,45
38988,2,15:30:32,2017-06-02,28.63,44
38990,2,16:01:16,2017-06-02,28.94,44
38992,2,16:32:01,2017-06-02,26.81,44
38994,2,17:03:04,2017-06-02,29.15,44
38996,2,17:34:02,2017-06-02,27.401,44
38998,2,18:05:44,2017-06-02,29.03,44
39000,2,18:37:02,2017-06-02,29.04,45
39002,2,19:07:47,2017-06-02,29.08,45
39004,2,19:38:39,2017-06-02,29.12,45
39006,2,20:09:25,2017-06-02,29.14,45
39009,2,20:40:09,2017-06-02,29.16,45
39011,2,21:10:57,2017-06-02,29.17,46
39015,2,22:46:25,2017-06-02,29.165,46
39017,2,23:17:38,2017-06-02,29.16,46
39019,2,23:57:42,2017-06-02,29.15,46
39021,2,00:28:25,2017-06-03,29.12,46
39023,2,00:59:09,2017-06-03,29.08,46
39026,2,01:34:02,2017-06-03,29.02,46
39028,2,02:11:03,2017-06-03,28.97,46
39030,2,02:41:46,2017-06-03,28.92,46
39032,2,03:14:10,2017-06-03,28.86,46
39034,2,03:44:53,2017-06-03,28.79,46
39036,2,04:15:37,2017-06-03,28.72,46
39038,2,04:46:19,2017-06-03,28.65,46
39040,2,05:17:03,2017-06-03,28.57,46
39042,2,05:47:46,2017-06-03,28.5,46
39044,2,06:18:59,2017-06-03,28.45,46
39046,2,06:50:10,2017-06-03,28.38,46
39048,2,07:20:52,2017-06-03,28.32,46
39050,2,07:51:34,2017-06-03,28.26,46
39053,2,08:53:35,2017-06-03,28.16,47
39055,2,09:24:22,2017-06-03,28.13,46
39056,2,09:55:05,2017-06-03,28.1,46
39058,2,10:25:48,2017-06-03,28.11,45
39060,2,10:56:33,2017-06-03,28.08,46
39062,2,11:27:19,2017-06-03,28.07,46
39063,2,11:58:07,2017-06-03,28.06,46
39065,2,12:28:54,2017-06-03,26.218,46
39067,2,12:59:38,2017-06-03,28.1,46
39069,2,13:30:23,2017-06-03,28.15,46
39071,2,14:03:12,2017-06-03,28.22,46
39073,2,14:34:04,2017-06-03,28.35,46
39075,2,15:04:49,2017-06-03,28.53,45
39077,2,15:35:32,2017-06-03,28.83,46
39079,2,16:06:18,2017-06-03,29.14,44
39081,2,16:37:06,2017-06-03,29.35,44
39083,2,17:11:57,2017-06-03,29.3,44.5
39085,2,17:43:01,2017-06-03,29.25,45
39087,2,18:20:25,2017-06-03,29.25,45
39089,2,18:51:08,2017-06-03,29.3,45
39091,2,19:22:13,2017-06-03,29.34,45
39094,2,19:54:24,2017-06-03,29.37,45
39096,2,20:26:35,2017-06-03,29.4,46
39098,2,20:57:22,2017-06-03,29.42,46
39101,2,21:28:35,2017-06-03,27.786,46
39103,2,22:05:52,2017-06-03,29.46,46
39105,2,22:36:37,2017-06-03,29.41,46
39108,2,23:14:26,2017-06-03,29.44,46
39110,2,23:45:11,2017-06-03,29.425,46
39112,2,00:24:10,2017-06-04,29.41,46
39114,2,01:00:26,2017-06-04,29.36,46
39116,2,01:31:09,2017-06-04,29.345,46
39118,2,01:48:20,2017-06-04,29.33,46
39120,2,02:20:01,2017-06-04,29.29,46
39122,2,02:50:44,2017-06-04,29.22,47
39124,2,03:21:31,2017-06-04,29.16,47
39126,2,03:52:14,2017-06-04,29.08,47
39128,2,04:22:58,2017-06-04,29.01,47
39130,2,04:53:40,2017-06-04,28.95,47
39132,2,05:24:22,2017-06-04,28.89,47
39135,2,05:55:08,2017-06-04,28.82,47
39136,2,06:26:22,2017-06-04,28.74,47
39138,2,06:57:07,2017-06-04,28.67,47
39140,2,07:27:51,2017-06-04,28.6,47
39142,2,07:58:33,2017-06-04,28.54,47
39144,2,08:29:38,2017-06-04,28.48,47
39146,2,09:00:28,2017-06-04,28.45,47
39148,2,09:31:13,2017-06-04,28.43,47
39149,2,10:02:04,2017-06-04,28.41,46
39151,2,10:32:51,2017-06-04,28.4,47
39153,2,11:03:34,2017-06-04,28.4,47
39155,2,11:34:21,2017-06-04,28.41,46
39157,2,12:05:03,2017-06-04,28.42,46
39160,2,12:46:22,2017-06-04,28.44,46
39162,2,13:17:05,2017-06-04,28.47,46
39164,2,13:48:15,2017-06-04,28.51,46
39166,2,14:19:30,2017-06-04,28.59,46
39168,2,14:50:17,2017-06-04,28.71,46
39170,2,15:21:00,2017-06-04,28.92,46
39173,2,16:23:32,2017-06-04,29.46,44
39176,2,16:54:21,2017-06-04,29.5,45
39178,2,17:25:10,2017-06-04,29.37,46
39180,2,17:56:23,2017-06-04,29.34,46
39183,2,19:29:44,2017-06-04,29.42,46
39185,2,20:00:27,2017-06-04,29.44,46
39187,2,20:31:11,2017-06-04,29.46,46
39189,2,21:01:53,2017-06-04,29.47,46
39192,2,21:32:37,2017-06-04,29.49,46
39194,2,22:03:50,2017-06-04,29.48,47
39196,2,22:34:33,2017-06-04,29.48,47
39198,2,23:05:16,2017-06-04,29.48,47
39200,2,23:37:18,2017-06-04,29.46,47
39202,2,00:08:07,2017-06-05,29.44,47
39204,2,00:39:20,2017-06-05,29.41,47
39206,2,01:10:15,2017-06-05,29.36,47
39208,2,01:40:58,2017-06-05,29.32,46
39210,2,02:12:39,2017-06-05,29.27,47
39212,2,02:43:52,2017-06-05,29.22,47
39214,2,03:14:38,2017-06-05,29.16,47
39216,2,03:45:20,2017-06-05,29.1,47
39218,2,04:16:02,2017-06-05,29.02,47
39220,2,04:46:47,2017-06-05,28.96,47
39222,2,05:17:29,2017-06-05,28.89,47
39224,2,05:48:12,2017-06-05,28.81,46
39225,2,06:19:26,2017-06-05,28.72,47
39226,2,06:50:38,2017-06-05,28.66,47
39230,2,08:24:10,2017-06-05,28.49,47
39231,2,08:54:55,2017-06-05,28.45,45
39233,2,09:25:57,2017-06-05,28.2,45
39235,2,09:56:51,2017-06-05,28.14,46
39237,2,10:27:40,2017-06-05,28.24,48
39239,2,10:59:10,2017-06-05,28.15,43
39241,2,11:30:28,2017-06-05,28.11,41
39243,2,12:34:13,2017-06-05,28.31,43
39244,2,13:05:09,2017-06-05,28.53,48
39245,2,13:36:12,2017-06-05,26.632,48.75
39246,2,13:36:12,2017-06-05,26.632,49.5
39249,2,14:35:59,2017-06-05,27.731,51
39251,2,15:08:51,2017-06-05,28.83,54
39253,2,15:40:25,2017-06-05,26.544,54
39255,2,16:11:44,2017-06-05,27.158,54
39257,2,16:43:01,2017-06-05,27.772,54
39259,2,17:29:07,2017-06-05,29,54
39262,2,18:08:43,2017-06-05,28.96,53
39264,2,18:40:10,2017-06-05,28.89,54
39266,2,19:10:54,2017-06-05,28.85,54
39268,2,19:42:04,2017-06-05,29.04,52
39270,2,20:12:49,2017-06-05,29.15,52
39272,2,20:43:34,2017-06-05,29.18,52
39273,2,21:14:19,2017-06-05,29.22,52
39276,2,22:17:17,2017-06-05,29.24,51
39278,2,22:48:00,2017-06-05,29.24,52
39281,2,23:50:00,2017-06-05,29.22,51
39283,2,00:24:41,2017-06-06,29.21,51
39285,2,00:55:25,2017-06-06,29.2,50
39287,2,01:26:36,2017-06-06,27.579,50
39289,2,01:57:26,2017-06-06,28.3345,50
39291,2,02:41:36,2017-06-06,29.09,50
39293,2,03:12:19,2017-06-06,29.065,50
39296,2,03:54:12,2017-06-06,29.04,50
39298,2,04:33:37,2017-06-06,28.99,50
39300,2,05:04:53,2017-06-06,28.9,50
39302,2,05:35:36,2017-06-06,28.83,50
39304,2,06:06:19,2017-06-06,28.77,50
39306,2,06:37:05,2017-06-06,28.7,50
39308,2,07:08:19,2017-06-06,28.66,50
39310,2,07:39:35,2017-06-06,28.61,50
39312,2,08:10:20,2017-06-06,28.57,50
39314,2,08:41:12,2017-06-06,28.54,49
39316,2,09:12:00,2017-06-06,28.31,54
39318,2,09:42:49,2017-06-06,27.99,53
39319,2,09:42:49,2017-06-06,27.99,53
39320,2,10:14:10,2017-06-06,27.71,48
39555,2,20:07:09,2017-06-11,30.42,43
39557,2,20:37:51,2017-06-11,30.43,42
39559,2,21:09:03,2017-06-11,30.43,43
39561,2,21:40:25,2017-06-11,30.46,42
39562,2,22:11:16,2017-06-11,30.47,42
39564,2,22:41:59,2017-06-11,30.49,43
39567,2,23:12:56,2017-06-11,30.5,42
39569,2,23:43:51,2017-06-11,30.5,43
39571,2,00:15:07,2017-06-12,30.49,43
39573,2,00:45:49,2017-06-12,30.46,43
39575,2,01:16:34,2017-06-12,30.43,42
39577,2,01:47:16,2017-06-12,30.39,42
39579,2,02:20:58,2017-06-12,30.34,42
39581,2,02:51:51,2017-06-12,30.3,42
39583,2,03:30:11,2017-06-12,30.24,42
39585,2,04:00:52,2017-06-12,30.17,42
39587,2,04:31:36,2017-06-12,30.11,42
39589,2,05:02:48,2017-06-12,30.03,42
39591,2,05:33:30,2017-06-12,29.95,42
39592,2,06:04:12,2017-06-12,29.88,42
39594,2,06:34:54,2017-06-12,29.82,42
39596,2,07:06:08,2017-06-12,29.78,43
39597,2,07:37:26,2017-06-12,29.75,43
39599,2,08:08:14,2017-06-12,29.71,42
39603,2,09:40:17,2017-06-12,29.65,42
39605,2,10:11:22,2017-06-12,29.65,42
39607,2,10:42:12,2017-06-12,29.62,42
39609,2,11:13:05,2017-06-12,29.61,42
39611,2,11:44:04,2017-06-12,29.6,42
39612,2,12:14:50,2017-06-12,29.61,42
39613,2,12:14:50,2017-06-12,29.61,42
39615,2,12:46:42,2017-06-12,29.64,42
39617,2,13:17:41,2017-06-12,29.69,42
39619,2,13:48:25,2017-06-12,29.75,42
39621,2,14:19:15,2017-06-12,29.84,42
39623,2,14:50:07,2017-06-12,29.97,42
39625,2,15:21:01,2017-06-12,30.19,42
39627,2,15:51:57,2017-06-12,30.47,42
39629,2,16:22:50,2017-06-12,30.78,41
39631,2,16:54:08,2017-06-12,30.87,41
39633,2,17:24:54,2017-06-12,30.8,42
39635,2,17:55:41,2017-06-12,30.78,42
39636,2,18:26:58,2017-06-12,30.8,42
39637,2,18:57:53,2017-06-12,30.83,47
39639,2,19:29:08,2017-06-12,30.88,46
39641,2,20:00:02,2017-06-12,30.92,45
39643,2,20:31:09,2017-06-12,30.94,45
39644,2,20:31:09,2017-06-12,30.94,45
39646,2,21:34:10,2017-06-12,30.97,45
39648,2,22:04:52,2017-06-12,30.98,45
39650,2,22:35:36,2017-06-12,30.96,45
39652,2,23:06:25,2017-06-12,30.94,45
39654,2,23:37:42,2017-06-12,30.93,45
39657,2,00:40:13,2017-06-13,30.87,45
39659,2,01:10:57,2017-06-13,30.83,45
39661,2,01:41:42,2017-06-13,30.79,45
39663,2,02:16:28,2017-06-13,30.73,45
39665,2,02:47:11,2017-06-13,30.69,45
39667,2,03:17:53,2017-06-13,30.62,46
39669,2,03:48:35,2017-06-13,30.57,44
39671,2,04:19:50,2017-06-13,30.5,45
39673,2,04:50:34,2017-06-13,30.44,45
39675,2,05:21:16,2017-06-13,30.37,45
39677,2,05:52:00,2017-06-13,30.31,45
39679,2,06:22:43,2017-06-13,30.24,45
39681,2,06:53:55,2017-06-13,30.18,44
39682,2,07:24:39,2017-06-13,30.13,45
39684,2,07:55:35,2017-06-13,30.07,45
39686,2,08:26:22,2017-06-13,29.99,44
39688,2,08:57:09,2017-06-13,29.96,45
39690,2,10:00:03,2017-06-13,29.91,45
39692,2,10:30:56,2017-06-13,29.9,44
39694,2,11:01:52,2017-06-13,29.89,45
39697,2,12:04:04,2017-06-13,29.86,44
39699,2,12:35:08,2017-06-13,29.86,45
39700,2,13:06:04,2017-06-13,29.88,45
39702,2,14:08:20,2017-06-13,29.97,45
39704,2,14:39:14,2017-06-13,30.08,44
39706,2,15:10:02,2017-06-13,30.25,45
39707,2,15:40:47,2017-06-13,30.48,44
39709,2,16:11:34,2017-06-13,30.77,44
39711,2,16:42:51,2017-06-13,30.97,43
39713,2,17:14:08,2017-06-13,30.93,44
39715,2,17:44:59,2017-06-13,30.91,44
39717,2,18:15:46,2017-06-13,30.94,44
39718,2,18:47:06,2017-06-13,30.97,45
39720,2,19:18:19,2017-06-13,31.04,44
39722,2,19:49:35,2017-06-13,31.08,45
39723,2,20:20:20,2017-06-13,31.12,45
39725,2,20:51:09,2017-06-13,31.17,45
39727,2,21:21:56,2017-06-13,31.19,46
39729,2,21:52:42,2017-06-13,31.21,46
39731,2,22:23:26,2017-06-13,31.22,46
39733,2,22:54:13,2017-06-13,31.22,45
39734,2,23:24:56,2017-06-13,31.21,45
39736,2,23:55:46,2017-06-13,31.18,46
39737,2,00:26:30,2017-06-14,31.17,46
39739,2,00:57:12,2017-06-14,31.14,45
39741,2,01:27:57,2017-06-14,31.1,46
39743,2,01:58:39,2017-06-14,31.08,46
39745,2,02:31:04,2017-06-14,31.03,46
39747,2,03:01:44,2017-06-14,30.96,46
39749,2,03:32:30,2017-06-14,30.92,46
39751,2,04:03:13,2017-06-14,30.87,46
39753,2,04:33:55,2017-06-14,30.82,47
39755,2,05:04:38,2017-06-14,30.77,46
39757,2,05:35:20,2017-06-14,30.72,46
39759,2,06:06:03,2017-06-14,30.67,46
39761,2,06:36:46,2017-06-14,30.62,46
39762,2,07:07:27,2017-06-14,30.59,46
39763,2,07:38:10,2017-06-14,30.54,46
39765,2,08:09:24,2017-06-14,30.5,46
39767,2,08:40:14,2017-06-14,30.48,46
39769,2,09:10:59,2017-06-14,30.45,46
39771,2,09:41:56,2017-06-14,30.43,46
39773,2,10:12:47,2017-06-14,30.43,46
39775,2,10:43:31,2017-06-14,30.45,46
39778,2,11:45:43,2017-06-14,30.47,46
39780,2,12:16:28,2017-06-14,30.49,46
39782,2,12:47:20,2017-06-14,30.52,46
39784,2,13:18:17,2017-06-14,30.56,47
39786,2,13:49:06,2017-06-14,30.61,46
39788,2,14:19:53,2017-06-14,30.67,47
39791,2,15:22:04,2017-06-14,30.97,46
39793,2,15:52:47,2017-06-14,31.21,45
39795,2,16:23:33,2017-06-14,31.51,45
39797,2,16:54:16,2017-06-14,31.56,45
39799,2,17:24:59,2017-06-14,31.52,45
39800,2,17:55:42,2017-06-14,31.49,46
39802,2,18:26:35,2017-06-14,31.48,46
39803,2,18:57:25,2017-06-14,31.5,46
39805,2,19:59:28,2017-06-14,31.54,47
39807,2,20:30:14,2017-06-14,31.56,47
39810,2,21:32:16,2017-06-14,31.57,46
39813,2,22:34:19,2017-06-14,31.56,47
39815,2,23:05:01,2017-06-14,31.55,47
39817,2,23:35:44,2017-06-14,31.52,48
39819,2,00:06:27,2017-06-15,31.5,47
39821,2,00:37:10,2017-06-15,31.44,48
39823,2,01:07:52,2017-06-15,31.41,48
39825,2,01:38:33,2017-06-15,31.37,47
39827,2,02:11:38,2017-06-15,31.31,47
39829,2,02:42:20,2017-06-15,31.26,48
39831,2,03:13:05,2017-06-15,31.2,47
39833,2,03:43:47,2017-06-15,31.14,48
39835,2,04:14:32,2017-06-15,31.08,48
39837,2,04:45:15,2017-06-15,31.03,48
39839,2,05:15:56,2017-06-15,30.95,48
39841,2,05:46:38,2017-06-15,30.9,48
39843,2,06:17:21,2017-06-15,30.83,48
39845,2,06:48:12,2017-06-15,30.78,48
39846,2,07:18:56,2017-06-15,30.72,48
39848,2,07:49:45,2017-06-15,30.67,48
39850,2,08:20:34,2017-06-15,30.62,48
39852,2,08:51:19,2017-06-15,30.6,48
39854,2,09:22:09,2017-06-15,30.57,48
39856,2,09:52:56,2017-06-15,30.55,48
39858,2,10:23:40,2017-06-15,30.54,48
39860,2,10:54:35,2017-06-15,30.5,48
39862,2,11:25:25,2017-06-15,30.53,48
39866,2,12:59:00,2017-06-15,30.6,48
39869,2,14:01:01,2017-06-15,30.71,48
39870,2,14:31:48,2017-06-15,30.79,49
39872,2,15:02:43,2017-06-15,30.93,49
39874,2,15:33:30,2017-06-15,31.16,48
39875,2,16:04:24,2017-06-15,31.41,48
39877,2,16:35:09,2017-06-15,31.67,48
39879,2,17:06:23,2017-06-15,31.66,48
39880,2,17:37:10,2017-06-15,31.62,48
39882,2,18:08:01,2017-06-15,31.64,48
39884,2,18:38:52,2017-06-15,31.65,48
39886,2,19:09:53,2017-06-15,31.68,49
39889,2,19:40:36,2017-06-15,31.72,49
39892,2,20:11:39,2017-06-15,31.75,49
39894,2,20:42:26,2017-06-15,31.78,49
39901,2,22:15:44,2017-06-15,31.79,50
39906,2,23:17:46,2017-06-15,31.77,50
39909,2,23:48:30,2017-06-15,31.74,50
39912,2,00:19:12,2017-06-16,31.72,50
39915,2,00:49:54,2017-06-16,31.68,50
39918,2,01:20:45,2017-06-16,31.64,50
39921,2,01:51:37,2017-06-16,31.59,50
39924,2,02:23:40,2017-06-16,31.55,50
39927,2,02:54:22,2017-06-16,31.49,50
39930,2,03:25:13,2017-06-16,31.44,50
39933,2,03:55:56,2017-06-16,31.38,50
39936,2,04:26:38,2017-06-16,31.32,50
39939,2,04:57:20,2017-06-16,31.26,50
39942,2,05:28:04,2017-06-16,31.18,50
39944,2,05:58:45,2017-06-16,31.13,50
39949,2,07:00:44,2017-06-16,31.02,50
39951,2,07:31:28,2017-06-16,30.95,50
39954,2,08:02:45,2017-06-16,30.92,50
39957,2,08:33:31,2017-06-16,30.87,50
39959,2,09:04:24,2017-06-16,30.84,50
39961,2,09:35:20,2017-06-16,30.83,50
39963,2,10:06:09,2017-06-16,30.83,50
39965,2,10:37:06,2017-06-16,30.83,50
39967,2,11:07:59,2017-06-16,30.83,50
39969,2,11:38:48,2017-06-16,30.81,50
39971,2,12:09:52,2017-06-16,30.83,50
39975,2,13:11:56,2017-06-16,30.9,50
39978,2,13:42:41,2017-06-16,30.96,50
39981,2,14:13:26,2017-06-16,31.06,50
39983,2,14:44:16,2017-06-16,31.17,50
39986,2,15:15:01,2017-06-16,31.32,50
39988,2,15:46:17,2017-06-16,31.57,50
39990,2,16:17:03,2017-06-16,31.86,49
39993,2,16:47:52,2017-06-16,32.04,49
39996,2,17:18:42,2017-06-16,31.96,49
39999,2,17:49:25,2017-06-16,31.94,50
40002,2,18:20:15,2017-06-16,31.96,50
40005,2,18:51:02,2017-06-16,31.98,50
40008,2,19:21:50,2017-06-16,32.03,50
40011,2,19:52:32,2017-06-16,32.06,50
40014,2,20:23:16,2017-06-16,32.09,50
40017,2,20:54:00,2017-06-16,32.11,50
40020,2,21:24:42,2017-06-16,32.13,51
40023,2,21:55:24,2017-06-16,32.13,51
40026,2,22:26:19,2017-06-16,32.13,51
40030,2,22:57:10,2017-06-16,32.12,51
40033,2,23:28:01,2017-06-16,32.11,51
40036,2,23:58:44,2017-06-16,32.07,51
40039,2,00:29:25,2017-06-17,32.03,51
40042,2,01:00:10,2017-06-17,31.99,51
40045,2,01:30:59,2017-06-17,31.92,51
40048,2,02:01:43,2017-06-17,31.87,51
40051,2,02:34:09,2017-06-17,31.82,51
40054,2,03:05:05,2017-06-17,31.77,51
40057,2,03:35:47,2017-06-17,31.71,51
40060,2,04:06:31,2017-06-17,31.64,51
40063,2,04:37:27,2017-06-17,31.56,51
40066,2,05:08:12,2017-06-17,31.48,51
40069,2,05:38:55,2017-06-17,31.42,51
40072,2,06:09:39,2017-06-17,31.36,50
40075,2,06:40:22,2017-06-17,31.29,50
40078,2,07:11:04,2017-06-17,31.23,50
40081,2,07:41:48,2017-06-17,31.16,50
40084,2,08:12:39,2017-06-17,31.12,50
40087,2,08:43:26,2017-06-17,31.07,50
40089,2,09:14:09,2017-06-17,31.03,50
40091,2,09:44:52,2017-06-17,31,50
40498,2,16:56:33,2017-06-25,28.525,49.5
40501,2,17:59:44,2017-06-25,27.815,49
40504,2,18:52:14,2017-06-25,29.0525,48
40508,2,20:26:36,2017-06-25,30.29,46
40510,2,21:15:36,2017-06-25,29.56775,45.9765625
40517,2,22:31:49,2017-06-25,28.8455,45.953125
40538,2,03:59:22,2017-06-26,27.401,45.90625
40563,2,11:18:19,2017-06-26,27.2069375,45.8125
40566,2,12:45:55,2017-06-26,27.012875,45.625
40568,2,13:00:23,2017-06-26,26.62475,45.25
40571,2,14:00:53,2017-06-26,25.8485,45.15625
40573,2,14:33:07,2017-06-26,25.07225,45.0625
40575,2,15:05:06,2017-06-26,24.296,44.875
40577,2,15:36:56,2017-06-26,23.527,44.845703125
40579,2,16:08:36,2017-06-26,23.645,44.81640625
40581,2,16:39:34,2017-06-26,23.9555,44.7578125
40583,2,17:04:38,2017-06-26,24.266,44.40625
40585,2,17:36:24,2017-06-26,24.296,43.9375
40587,2,18:08:23,2017-06-26,25.668,43.46875
40591,2,19:31:51,2017-06-26,27.04,43
40593,2,20:02:43,2017-06-26,27.44,43
40595,2,20:33:29,2017-06-26,27.69,44
40597,2,21:04:11,2017-06-26,26.836,44
40599,2,21:46:06,2017-06-26,25.982,44
40601,2,22:25:31,2017-06-26,28.49,44
40603,2,22:56:15,2017-06-26,27.857,43.9765625
40607,2,00:28:04,2017-06-27,27.224,43.953125
40610,2,01:18:43,2017-06-27,25.242,43.90625
40616,2,03:52:43,2017-06-27,25.364,43.8125
40617,2,03:58:39,2017-06-27,25.486,43.625
40618,2,04:08:08,2017-06-27,25.73,43.0625
40620,2,04:40:02,2017-06-27,26.218,42.5
40623,2,05:11:13,2017-06-27,26.462,42.4765625
40626,2,06:31:19,2017-06-27,26.706,42.453125
40627,2,06:39:09,2017-06-27,27.194,42.40625
40629,2,07:09:51,2017-06-27,26.987,42.125
40634,2,09:12:11,2017-06-27,26.78,41
40636,2,09:42:59,2017-06-27,26.51,37
40638,2,10:13:58,2017-06-27,26.17,36
40640,2,10:44:43,2017-06-27,25.87,36
40642,2,11:15:29,2017-06-27,25.71,38
40644,2,11:46:16,2017-06-27,25.77,41
40646,2,12:17:10,2017-06-27,25.49,39
40648,2,12:47:57,2017-06-27,25.529375,39
40650,2,13:19:22,2017-06-27,25.56875,39
40652,2,13:51:43,2017-06-27,25.6475,39
40654,2,14:24:24,2017-06-27,25.805,39
40656,2,14:56:31,2017-06-27,25.9625,39
40659,2,15:59:28,2017-06-27,26.12,39
40662,2,16:30:25,2017-06-27,24.769,38.875
40664,2,17:02:14,2017-06-27,25.06675,38.75
40665,2,17:07:38,2017-06-27,25.3645,38.5
40668,2,18:05:31,2017-06-27,25.96,38
40675,2,19:56:55,2017-06-27,26.395,38.375
40680,2,20:45:47,2017-06-27,26.83,38.75
40682,2,21:07:16,2017-06-27,27.7,39.5
40685,2,21:37:59,2017-06-27,28.466,39.5703125
40689,2,22:24:29,2017-06-27,28.504,39.640625
40698,2,00:20:08,2017-06-28,28.542,39.78125
40703,2,01:29:19,2017-06-28,28.618,40.625
40708,2,02:23:17,2017-06-28,28.694,42.3125
40711,2,02:55:26,2017-06-28,28.77,44
40714,2,03:26:13,2017-06-28,27.923,44.125
40717,2,03:57:13,2017-06-28,27.076,44.25
40720,2,04:28:58,2017-06-28,27.903,44.5
40727,2,05:57:46,2017-06-28,28.73,45
40730,2,06:28:30,2017-06-28,27.895,44.875
40733,2,07:00:41,2017-06-28,27.06,44.75
40743,2,09:03:48,2017-06-28,25.39,44.5
40747,2,10:05:29,2017-06-28,25.213,43
40752,2,11:18:00,2017-06-28,25.94,42
40755,2,11:48:48,2017-06-28,26,41
40758,2,12:19:39,2017-06-28,25.94,43
40762,2,12:50:28,2017-06-28,25.89,45
40765,2,13:21:25,2017-06-28,25.79,45
40768,2,13:52:24,2017-06-28,25.78,45
40771,2,14:23:10,2017-06-28,25.74,47
40774,2,14:54:04,2017-06-28,25.55,45
40777,2,15:24:47,2017-06-28,25.54,47
40780,2,15:55:33,2017-06-28,26.65,54.5
40783,2,16:26:16,2017-06-28,27.19,57.75
40786,2,16:57:05,2017-06-28,27.37,61
40789,2,17:27:49,2017-06-28,24.947,59.25
40792,2,17:59:29,2017-06-28,25.7585,57.5
40805,2,20:57:53,2017-06-28,26.57,54
40810,2,22:00:53,2017-06-28,26.65,50.5
40813,2,22:31:40,2017-06-28,26.63,47
40816,2,23:02:25,2017-06-28,25.448,41.125
40819,2,23:34:40,2017-06-28,24.266,32.3125
40822,2,00:08:10,2017-06-29,24.266,32
40825,2,00:39:01,2017-06-29,24.266,32.078125
40830,2,01:40:35,2017-06-29,26.75,40.046875
40837,2,03:00:48,2017-06-29,26.413625,44.0390625
40842,2,04:03:39,2017-06-29,26.07725,48.03125
40847,2,05:08:58,2017-06-29,25.4045,48.0625
40850,2,05:41:12,2017-06-29,24.059,48.125
40855,2,06:43:18,2017-06-29,24.3255,48.25
40858,2,07:15:27,2017-06-29,24.592,48.5
40861,2,07:47:20,2017-06-29,24.422,48.5625
40864,2,08:19:24,2017-06-29,24.252,48.625
40866,2,08:25:15,2017-06-29,23.912,48.75
40869,2,08:56:49,2017-06-29,24.562,48.76953125
40872,2,09:28:38,2017-06-29,23.912,48.7890625
40875,2,10:00:28,2017-06-29,23.897,48.828125
40877,2,10:08:32,2017-06-29,23.882,49.0625
40886,2,12:14:34,2017-06-29,22.995,49.375
40889,2,12:45:22,2017-06-29,22.196,49.6875
40892,2,13:16:55,2017-06-29,24.38,50
40895,2,13:47:38,2017-06-29,24.37,50
40898,2,14:23:02,2017-06-29,21.989,50
40901,2,14:53:49,2017-06-29,22.215075,50
40904,2,15:25:58,2017-06-29,22.44115,50
40907,2,15:57:23,2017-06-29,22.8933,50
40910,2,16:29:26,2017-06-29,23.7976,50
40913,2,17:00:45,2017-06-29,24.24975,50
40916,2,17:32:57,2017-06-29,24.7019,50
40917,2,17:39:37,2017-06-29,25.6062,50
